Batch Size,HF median time,Triton median time
1,7.0933918952941895,67.38593673706055
8,43.528032302856445,71.96249771118164
32,183.77529907226562,188.48876190185547
64,353.3394012451172,405.94935607910156
128,716.3515014648438,878.7701416015625
156,897.8772277832031,1122.6347045898438
