Batch Size,HF median time,Triton median time
1,4.690448045730591,71.25062561035156
8,21.85881519317627,72.23169708251953
32,80.22476577758789,105.95840072631836
64,159.32672119140625,242.29268646240234
128,318.7291259765625,490.555908203125
256,629.1220092773438,1139.9801025390625
